webhookEventId,userId,timestamp,replyToken,message.id,message.text,webhookEventId2,userId2,timestamp2,replyToken2,message2.id,message2.text
"000BFXR71YPD7DYA79PB8A78S1","U02515ff4b9210a62d0dfe5d51d96761e",1699089949070,"QIqtGEJ4HT6NEJQyi768QyX6mAQmJE","2660668935248774","Labore solium suppono.",undefined,"Uc49fd9a1f3db8a1157ce37bb49c2e805",1699059308855,"jrvO16DQg5x2IgFLtQi8GMLAbki071","5581549076483803","Aperiam cultellus recusandae."
"000BFXR71YPD7DYA79PB8A78S2","Ua6f8d7dae76e7bf06d8823679762c147",1699081325400,"MxDnBdxQBFgLPrz0TytGXFrYgEqK6E","5549331897650943","Thorax patior sumptus anser decens.",undefined,"Ub4cd85ba3d75255e1f09dded31d1a294",1699064809277,"JYvMZ9qps7cMSjZJFfhq4Xe1RIMUTC","7933308180628648","Ratione balbus dolorem."
"000BFXR71YPD7DYA79PB8A78S3","Uc0a6ac69b5031b53fbfa561fc91a7a20",1699100979470,"UTkfGOSmkrOZx3lIgBRBTEVm73fTyH","2877286554540693","Peior aestivus amiculum desino cattus mollitia.",undefined,"U9e1dfe83922047f080f024a5180a9fcd",1699054448425,"EbmwHGD58ixcNCn8zrF4q0EwfIyY4s","8382279510393526","Magnam aggredior."
"000BFXR71YPD7DYA79PB8A78S4","U61396c7d7ecd4b934f5b8db835a5ba6d",1699107665750,"r8QA47rLH1DDGvPcZaetXqEHj1dXfg","2408720063536286","Acies qui.",undefined,"U7896616974119f5cafa96b3d887cecb3",1699087426159,"mUAMSEIp8Vhgo9fsHfFlaeLHuKZ3D6","5600327980027590","Paulatim comes capio."
"000BFXR71YPD7DYA79PB8A78S5","U987ad4e25987f2298f8bef78a84e1f8f",1699125669754,"Shm7gJ4s8CKse2bteTHpYyP0qeH1Gq","1435059716366550","Decor nostrum astrum absorbeo.",undefined,"U5bee97065f2b0bd88881a409ae94a812",1699071764055,"pkrcVxE3Qz7kbWmHIQMLgutCc27dGj","4433940945310677","Velut derideo adstringo."
"000BFXR71YPD7DYA79PB8A78S6","U20f99ad28f4d1d0b8a3f2ed11e3ac52d",1699106043713,"KDBEl7DmT13XfvdrsXMyGmFFMM8zEh","552621041525930","Torqueo venustas atrox texo turba coma.",undefined,"U97e2c425f6391a96851333cd7d3e1e4f",1699097014758,"LBqGfTw8SdABGq5o3IOAa2irPLvO5b","8208997978997622","Denuncio benigne bonus comptus."
"000BFXR71YPD7DYA79PB8A78S7","U38c69bed46ecdf20ac9cc713173b36f2",1699116220644,"NLUy12vUQ8lvyPYLIiCHjVdgYXXmLR","3030102388513260","Inventore volaticus tum.",undefined,"U22f5efa1336862df49f66f9f608245a2",1699091560861,"9EePvLG03TCCnmb9QYcEfYCiaYgFcQ","6014920235683066","Aetas admoneo solus articulus credo degenero."
"000BFXR71YPD7DYA79PB8A78S8","U2717eb2cc7484b98ce06049bbe96f50b",1699065805145,"uvidnXdwlkb0Eau5avcoUHO3lmGGqC","1831709962149662","Conor adiuvo amor bardus pecco.",undefined,"Ud38a244e01a4416468303f423d6ab250",1699087976277,"t5E1KbnvOuWAHe67QgZTmVQJq2bCqX","7435061618018001","Delibero earum audio cognomen odit."
"000BFXR71YPD7DYA79PB8A78S9","U93853b900cf4c9f8fb86e58d78e60b41",1699042565120,"WdgnrJwbKN1sdhvb5qdxlfUQPAN4Tu","1263138383077781","Tutis vacuus summisse cohors beatae aequitas.",undefined,"U361447acc6245de424ebe471a8b2cabc",1699098857658,"DL6px6iXPkU2J0IsLVV0MJo58ftKJh","6463720108591880","Vitiosus arx beatae caste."
"000BFXR71YPD7DYA79PB8A78SA","U77337674f934c72c4d0998799e1122bb",1699072173815,"hIpN92XAlJObvcaJpto72cYTWEmIEX","2312696473066760","Cubitum totus quidem.",undefined,"U27717c8b5a5dcac601506210f1de3d96",1699088394671,"f0FsPdC8ZRfLvTxOLJGgVORokAZzPA","4653845126845153","Vulgaris vero cupressus."
